{
  "test": [
    {
      "question": "В каком году была война 1 года?",
      "response": "1"
    },
    {
      "question": "В каком году была война 2 года?",
      "response": "2"
    },
    {
      "question": "В каком году была война 3 года?",
      "response": "3"
    },
    {
      "question": "В каком году была война 4 года?",
      "response": "4"
    },
    {
      "question": "В каком году была война 5 года?",
      "response": "5"
    },
    {
      "question": "В каком году была война 6 года?",
      "response": "6"
    },
    {
      "question": "В каком году была война 7 года?",
      "response": "7"
    },
    {
      "question": "В каком году была война 8 года?",
      "response": "8"
    },
    {
      "question": "В каком году была война 9 года?",
      "response": "9"
    },
    {
      "question": "В каком году была война 0 года?",
      "response": "0"
    }
  ]
}