{
    "news": [
        {
            "title": "Сегодня хорошая погода",
            "content": "Невероятно, сегодня хорошая погода"
        },
        {
            "title": "Завтра хорошая погода",
            "content": "С ума сойти, и завтра хорошая погода"
        },
        {
            "title": "Послезавтра дождь",
            "content": "Все вошло в норму"
        }
    ]
}